<?xml version="1.0" encoding="utf-8"?>
<appengine-web-app xmlns="http://appengine.google.com/ns/1.0">
	<application>4sqbrands</application>
	<version>36</version>
	<sessions-enabled>true</sessions-enabled>

	<static-files>
		<include path="/assets/**" />
	</static-files>

	<!-- Configure java.util.logging -->
	<system-properties>
		<property name="java.util.logging.config.file" value="WEB-INF/java-util-logging.properties" />
	</system-properties>

	<admin-console>
		<page name="Appstats" url="/appstats" />
		<page name="Cache Tools" url="/cache" />
	</admin-console>
</appengine-web-app>