<?xml version="1.0" encoding="UTF-8"?>
<cronentries>
	<cron>
		<url>/cron/hourly</url>
		<description>Follows new Brands when Discovered</description>
		<schedule>every 1 hours synchronized</schedule>
	</cron>
	<cron>
		<url>/cron/daily</url>
		<description>Collects Brand Follower Stats Daily at 12:05am Pacific
			Time (Same as Google Analytics)</description>
		<schedule>every day 00:05</schedule>
		<timezone>America/Los_Angeles</timezone>
	</cron>
	<!--cron>
		<url>/cron/dotweet</url>
		<description>Sends out a Tweet of New Brands at 7:00am</description>
		<schedule>every day 7:00</schedule>
		<timezone>America/New_York</timezone>
	</cron>
	<cron>
		<url>/cron/dotweet</url>
		<description>Sends out a Tweet of New Brands at 7:00pm</description>
		<schedule>every day 19:00</schedule>
		<timezone>America/New_York</timezone>
	</cron-->
</cronentries>