<?xml version="1.0" encoding="utf-8"?>
<datastore-indexes autoGenerate="true">
    <!-- FoursquareUser -->
    <datastore-index kind="FoursquareUser" ancestor="false" source="auto">
        <property name="type" direction="asc"/>
        <property name="friends.count" direction="desc"/>
    </datastore-index>
    <datastore-index kind="FoursquareUser" ancestor="false" source="auto">
        <property name="type" direction="asc"/>
        <property name="followers.count" direction="desc"/>
    </datastore-index>
    
    <!-- BrandDiscovered -->
    <datastore-index kind="BrandDiscovered" ancestor="false" source="manual">
        <property name="type" direction="asc"/>
        <property name="date" direction="desc"/>
    </datastore-index>
</datastore-indexes>