<?xml version="1.0" encoding="utf-8"?>
<!DOCTYPE urlrewrite PUBLIC "-//tuckey.org//DTD UrlRewrite 3.2//EN"
        "http://tuckey.org/res/dtds/urlrewrite3.2.dtd">
<!-- Configuration file for UrlRewriteFilter http://tuckey.org/urlrewrite/ -->
<urlrewrite>

	<!-- All Users Page -->
	<rule>
		<note>All Celebrities Page</note>
		<from>^/celebs/?$</from>
		<set name="userType">celebs</set>
		<set name="title">Celebrities</set>
		<run class="com.handstandtech.brandfinder.server.controller.UsersPageController" method="doGet" />
		<to>/WEB-INF/pages/users.jsp</to>
	</rule>
	<rule>
		<note>All Brands Page</note>
		<from>^/brands/?$</from>
		<set name="userType">brands</set>
		<set name="title">Brands</set>
		<run class="com.handstandtech.brandfinder.server.controller.UsersPageController" method="doGet" />
		<to>/WEB-INF/pages/users.jsp</to>
	</rule>

	<!-- Admin -->
	<rule>
		<note>Admin Page</note>
		<from>^/admin/?$</from>
		<run class="com.handstandtech.brandfinder.server.controller.AdminController" method="doGet" />
		<to>/WEB-INF/pages/admin.jsp</to>
	</rule>
	
	<!-- Static Pages -->
	<rule>
		<note>About Page</note>
		<from>^/about/?$</from>
		<to>/WEB-INF/pages/about.jsp</to>
	</rule>
	<rule>
		<note>Terms Page</note>
		<from>^/terms/?$</from>
		<to>/WEB-INF/pages/terms.jsp</to>
	</rule>
	
	<!-- Cache Page -->
	<rule>
		<note>Admin Page</note>
		<from>^/cache/?$</from>
		<run class="com.handstandtech.brandfinder.server.controller.CacheAdminController" method="doGet" />
		<to>/WEB-INF/pages/cache.jsp</to>
	</rule>


	<!-- Single User Page -->
	<rule>
		<note>Single Celebrity Page</note>
		<from>^/celebs/([0-9]+)/?$</from>
		<set name="userId">$1</set>
		<run class="com.handstandtech.brandfinder.server.controller.SingleUserPageController"
			method="doGet" />
		<to>/WEB-INF/pages/user.jsp</to>
	</rule>
	<rule>
		<note>Single Brand Page</note>
		<from>^/brands/([0-9]+)/?$</from>
		<set name="userId">$1</set>
		<run class="com.handstandtech.brandfinder.server.controller.SingleUserPageController"
			method="doGet" />
		<to>/WEB-INF/pages/user.jsp</to>
	</rule>

	<!-- Manage -->
	<rule>
		<note>Manage Brands</note>
		<from>^/manage/brands/?$</from>
		<set name="userType">brands</set>
		<set name="pageTitle">Brands</set>
		<run class="com.handstandtech.brandfinder.server.controller.ManageController" method="doGet" />
		<to>/WEB-INF/pages/manage.jsp</to>
	</rule>
	<rule>
		<note>Manage Celebrities</note>
		<from>^/manage/celebs/?$</from>
		<set name="userType">celebs</set>
		<set name="pageTitle">Celebrities</set>
		<run class="com.handstandtech.brandfinder.server.controller.ManageController" method="doGet" />
		<to>/WEB-INF/pages/manage.jsp</to>
	</rule>


	<rule>
		<note>Sitemap</note>
		<from>^/sitemap/?$</from>
		<run class="com.handstandtech.brandfinder.server.sitemap.SitemapGeneratorServlet" method="doGet" />
	</rule>
	
	<!--rule>
		<note>Login</note>
		<from>^/login/?$</from>
		<run class="com.handstandtech.brandfinder.server.action.LoginServlet" method="doGet" />
	</rule-->
	
	<rule>
		<note>Logout</note>
		<from>^/logout/?$</from>
		<run class="com.handstandtech.brandfinder.server.action.LogoutServlet" method="doGet" />
	</rule>

	<outbound-rule>
		<note>
			The outbound-rule specifies that when response.encodeURL is
			called (if
			you are using JSTL c:url)
			the url /rewrite-status will be
			rewritten to /test/status/.

			The above rule and this outbound-rule
			means that end users should never
			see the
			url /rewrite-status only
			/test/status/ both in thier location bar and in
			hyperlinks
			in your
			pages.
        </note>
		<from>/rewrite-status</from>
		<to>/test/status/</to>
	</outbound-rule>

</urlrewrite>

