date,type,userId,key,brandId
2011-01-12T20:19:57,brand,380812,130001,5918591
2011-01-18T03:10:03,brand,126982,130002,537154
2011-01-12T16:24:24,brand,3198103,131001,1809125
2011-01-19T13:30:42,brand,380812,131002,6109362
2011-01-19T20:18:47,brand,380812,131003,4734053
2011-01-12T21:52:13,brand,233446,132001,5365087
2011-01-19T20:24:17,brand,380812,132002,5939175
2011-01-12T21:52:13,brand,233446,133001,4655569
2011-01-12T20:19:55,brand,380812,134001,5301485
2011-01-12T21:25:20,brand,380812,135001,5256826
2011-01-13T14:19:33,brand,380812,135002,5725696
2011-01-26T11:29:23,brand,380812,135003,6163947
2011-02-02T17:50:39,brand,380812,135004,6505862
2011-02-02T18:58:50,brand,4963627,135005,4960312
2011-02-04T00:15:41,brand,136704,135007,663789
2011-02-07T14:53:37,brand,2921570,135008,6479977
2011-02-07T17:46:58,brand,2747920,135009,5237543
2011-01-12T20:19:58,brand,380812,136001,2482360
2011-01-12T05:05:00,brand,380812,137001,5921945
2011-02-01T18:12:01,brand,380812,137002,2774894
2011-02-02T03:16:06,brand,136704,137003,6029869
2011-02-02T13:24:30,brand,136704,137004,6480599
2011-02-03T05:40:18,brand,136704,137005,4724342
2011-02-04T17:16:03,brand,214811,137006,2213903
2011-02-06T17:58:51,brand,1615770,137007,6162032
2011-02-07T17:46:50,brand,380812,137008,5237543
2011-01-13T15:49:32,brand,380812,138001,5655300
2011-01-18T01:57:21,brand,1317094,138002,2559092
2011-01-13T15:49:35,brand,380812,139001,5777289
2011-01-25T19:37:56,brand,710307,139002,627195
2011-01-13T15:49:37,brand,380812,140001,5938166
2011-01-13T17:40:31,brand,4625272,141001,5425964
2011-01-25T10:02:39,brand,380812,141002,3474465
2011-01-13T17:55:03,brand,380812,142001,1088586
2011-01-13T18:42:50,brand,380812,143001,5963970
2011-01-14T00:33:02,brand,380812,144001,74466
2011-01-14T01:15:30,brand,1275003,145001,1086156
2011-01-14T11:26:49,brand,380812,146001,5939206
2011-01-14T11:26:52,brand,380812,147001,5967696
2011-01-14T21:00:14,brand,341516,148001,6000391
2011-01-27T14:07:31,brand,3696660,148002,6225998
2011-01-14T21:21:48,brand,380812,149001,5943062
2011-01-26T11:36:09,brand,380812,149002,5893345
2011-01-27T02:26:46,brand,437648,149003,5981422
2011-01-15T00:53:07,brand,380812,150001,5966750
2011-01-15T00:53:10,brand,380812,151001,6001745
2011-01-15T04:34:37,brand,380812,152001,1034687
2011-01-15T04:35:38,brand,380812,153001,4744696
2011-01-16T18:41:06,brand,256867,154001,3038126
2011-01-17T01:21:31,brand,380812,155001,5980298
2011-01-17T01:21:36,brand,380812,156001,2631925
2011-01-17T01:21:36,brand,380812,157001,4697680
2011-01-25T20:27:45,brand,380812,157002,457713
2011-01-17T12:28:50,brand,710307,158001,1095287
2011-01-17T16:00:33,brand,380812,159001,6062888
2011-01-17T16:40:50,brand,301583,160001,3518132
2011-01-20T22:12:34,brand,229742,160002,5999118
2011-01-24T01:42:41,brand,380812,160003,3772162
2011-01-18T01:25:34,brand,380812,161001,6082867
2011-01-18T02:16:28,brand,380812,162001,6062529
2011-01-22T14:54:10,brand,2051642,162002,3635966
2011-01-18T02:28:31,brand,301583,163001,5370765
2011-01-20T17:59:26,brand,380812,163002,1853842
2011-01-18T10:17:02,brand,1336320,164001,5401668
2011-01-18T10:30:21,brand,838637,165001,3478988
2011-01-18T17:50:27,brand,380812,165002,6112819
2011-01-19T18:22:40,brand,1940051,165003,3065428
2011-01-20T15:01:53,brand,380812,165004,1385866
2011-01-18T13:59:47,brand,380812,166001,5830629
2011-01-21T16:21:38,brand,1372651,166002,5835157
2011-01-18T15:29:35,brand,2388284,167001,5157424
2011-01-19T13:30:42,brand,380812,168001,5949491
2011-01-19T20:18:49,brand,380812,169001,5921024
2011-01-29T12:59:23,brand,380812,169002,1071649
2011-01-20T01:18:00,brand,380812,170001,2195860
2011-01-28T23:12:40,brand,136704,170002,5964172
2011-01-20T15:19:31,brand,380812,171001,4952628
2011-01-26T06:11:03,brand,1894010,171002,4074936
2011-01-20T16:24:32,brand,380812,172001,5280074
2011-01-20T20:09:00,brand,5214789,173001,6000533
2011-01-21T14:11:56,brand,380812,173002,3666350
2011-01-21T09:46:28,brand,2959508,174001,4995109
2011-01-21T18:00:36,brand,380812,174002,6110206
2011-01-21T18:00:37,brand,380812,175001,5566977
2011-01-21T18:00:38,brand,380812,176001,6143518
2011-01-21T20:21:23,brand,380812,177001,2675405
2011-01-22T14:26:05,brand,380812,178001,6154093
2011-01-31T15:40:42,brand,380812,178002,1767944
2011-01-22T21:23:13,brand,380812,179001,5881841
2011-01-29T05:51:14,brand,233446,179002,4371661
2011-01-22T21:23:15,brand,380812,180001,5973104
2011-01-23T01:19:00,brand,256867,181001,3982708
2011-01-26T01:01:48,brand,380812,181002,6197452
2011-01-23T14:22:31,brand,380812,182001,3380651
2011-01-24T04:11:10,brand,4991945,183001,4257093
2011-01-24T11:22:42,brand,380812,184001,5997831
2011-01-29T05:51:16,brand,233446,184002,4697641
2011-01-24T20:24:03,brand,380812,185001,1400724
2011-01-25T03:09:48,brand,256867,185002,2404626
2011-01-24T21:19:28,brand,380812,186001,5955939
2011-01-24T23:48:21,brand,380812,187001,6281491
2011-01-25T00:55:30,brand,380812,188001,941803
2011-01-25T13:30:50,brand,380812,189001,2468206
2011-01-29T05:51:15,brand,233446,189002,1690773
2011-01-25T13:30:52,brand,380812,190001,6162029
2011-01-25T19:37:54,brand,710307,191001,5989146
2011-01-25T20:27:49,brand,380812,192001,4256768
2011-01-25T23:36:49,brand,380812,193001,6310299
2011-01-26T01:01:49,brand,380812,194001,6306611
2011-01-26T13:54:54,brand,380812,195001,4275786
2011-01-26T20:24:34,brand,380812,196001,4235765
2011-01-31T23:30:11,brand,345011,196002,6140659
2011-02-02T14:18:33,brand,380812,196003,6502045
2011-02-02T18:58:43,brand,4963627,196004,1414187
2011-02-03T06:37:01,brand,72483,196005,977886
2011-02-04T00:15:42,brand,136704,196006,6369050
2011-02-05T06:19:29,brand,3284223,196007,3699203
2011-02-06T10:01:52,brand,1882905,196008,4721389
2011-02-08T00:26:10,brand,380812,196009,6660753
2011-02-08T00:27:29,brand,380812,196010,6658445
2011-01-27T02:55:18,brand,380812,197001,3661148
2011-01-27T02:59:20,brand,380812,198001,5807990
2011-01-27T11:09:11,brand,380812,199001,6307478
2011-01-27T14:45:44,brand,380812,200001,6082972
2011-01-28T21:49:59,brand,380812,200002,2273862
2011-01-27T16:18:31,brand,986560,201001,3760650
2011-01-27T17:01:33,brand,3099545,202001,1938768
2011-01-27T18:07:44,brand,380812,203001,5995459
2011-01-27T21:01:01,brand,380812,204001,6275497
2011-01-27T21:58:25,brand,380812,205001,6120030
2011-01-28T01:01:59,brand,380812,206001,5429861
2011-01-28T15:34:45,brand,380812,207001,6355271
2011-01-28T16:18:28,brand,2747920,208001,6362367
2011-01-28T16:18:31,brand,2747920,209001,95423
2011-01-29T05:51:15,brand,233446,210001,5948613
2011-01-31T14:11:32,brand,380812,211001,5973157
2011-01-31T16:43:10,brand,380812,211002,1798468
2011-01-31T14:11:34,brand,380812,212001,6195505
2011-01-31T15:16:36,brand,136704,213001,1972766
2011-01-31T19:51:46,brand,380812,214001,6373285
2011-02-01T12:00:15,brand,1132592,215001,6370442
2011-02-01T12:31:25,brand,380812,216001,3783850
2011-02-01T19:59:54,brand,380812,216002,6278460
2011-02-02T18:58:37,brand,4963627,216003,4575738
2011-02-02T18:58:51,brand,4963627,216004,5303044
2011-02-04T22:31:15,brand,1468515,216005,477746
2011-02-05T06:19:31,brand,3284223,216006,321049
2011-02-07T16:04:55,brand,380812,216007,6526920
2011-02-07T17:52:36,brand,380812,216008,5514683
2011-02-01T16:10:32,brand,380812,217001,6309286
2011-02-07T17:45:00,brand,380812,217002,6475604
2011-02-07T17:46:15,brand,380812,217003,6195009
2011-02-07T17:47:00,brand,2747920,217004,4319503
2011-02-01T20:19:10,brand,380812,218001,6397757
2011-02-02T15:22:22,brand,670290,218002,1002063
2011-02-02T16:54:53,brand,3708916,218003,482956
2011-02-02T18:01:30,brand,199227,218004,199928
2011-02-03T14:04:53,brand,5548749,218005,6299869
2011-02-04T16:09:56,brand,2367991,218006,6389972
2011-02-04T20:29:04,brand,597227,218007,6372205
2011-02-06T10:26:25,brand,1573826,218008,3269444
2011-02-02T14:26:41,brand,380812,219001,5915934
2011-02-03T02:27:06,brand,260426,219002,5942825
2011-02-04T18:03:07,brand,136704,219003,5748218
2011-02-05T06:19:30,brand,3284223,219004,821498
2011-02-05T06:19:31,brand,3284223,219005,2857751
2011-02-07T23:16:21,brand,6640960,219006,5976559
2011-02-03T12:09:34,brand,380812,220001,6519324
2011-02-05T12:55:14,brand,1742719,221001,5388033
2011-02-08T02:41:27,brand,1650862,222001,4068960
2011-02-08T02:41:28,brand,1650862,223001,1582162
2011-02-08T14:28:05,brand,182457,224001,6576357
2011-02-08T14:28:06,brand,182457,225001,6030724
2011-02-08T19:45:38,brand,380812,225002,6482153
2011-02-08T16:01:07,brand,380812,226001,6525378
2011-02-08T19:45:41,brand,380812,227001,3320066
2011-02-08T19:45:42,brand,380812,228001,575133
2011-02-08T20:54:40,brand,301583,229001,979924
2011-02-08T21:49:45,brand,380812,230001,4361943
2011-02-09T12:20:04,brand,1372651,231001,6103384
2011-02-09T13:04:13,brand,380812,232001,4515580
2011-02-09T15:55:17,brand,380812,232002,4404126
2011-02-10T16:12:08,brand,2726720,232003,278434
2011-02-10T22:23:26,brand,3284223,232004,997694
2011-02-11T12:54:32,brand,710307,232005,4047755
2011-02-13T04:48:06,brand,380812,232006,6430215
2011-02-14T19:55:35,brand,380812,232007,3646205
2011-02-17T16:45:27,brand,710307,232008,4146581
2011-02-22T02:52:41,brand,380812,232009,5918293
2011-02-22T11:10:06,brand,380812,232010,6316845
2011-02-09T14:42:18,brand,3124222,233001,6100418
2011-02-09T15:48:18,brand,380812,234001,4195625
2011-02-09T19:12:55,brand,380812,235001,5234576
2011-02-10T00:55:28,brand,380812,236001,6686499
2011-02-10T23:58:17,brand,1987008,236002,6506157
2011-02-14T15:53:37,brand,380812,236003,3679691
2011-02-15T13:07:06,brand,2051642,236004,4426445
2011-02-15T22:54:41,brand,710307,236005,631138
2011-02-16T20:10:06,brand,380812,236006,6458545
2011-02-17T20:11:29,brand,5089108,236007,6184562
2011-02-20T13:58:16,brand,380812,236008,2213075
2011-02-21T19:04:24,brand,380812,236009,3373832
2011-02-21T22:33:00,brand,136704,236010,6867964
2011-02-22T14:05:42,brand,380812,236011,2475032
2011-02-10T07:55:27,brand,2538059,237001,1768438
2011-02-11T12:56:33,brand,380812,237002,6661423
2011-02-14T04:26:19,brand,778758,237003,3939043
2011-02-14T15:27:51,brand,136704,237004,6525892
2011-02-17T12:37:12,brand,380812,237005,6830977
2011-02-18T00:21:51,brand,1890698,237006,2628637
2011-02-10T11:28:55,brand,380812,238001,6526129
2011-02-10T14:01:12,brand,380812,238002,6353915
2011-02-11T16:58:11,brand,34790,238003,2818488
2011-02-13T21:17:36,brand,380812,238004,6735172
2011-02-10T14:00:28,brand,136704,239001,6475237
2011-02-10T16:50:41,brand,380812,239002,2770975
2011-02-11T07:11:06,brand,1222345,239003,5233400
2011-02-13T04:48:07,brand,380812,239004,6345450
2011-02-14T06:17:32,brand,1205674,239005,5724747
2011-02-14T12:10:48,brand,410848,239006,6505190
2011-02-15T01:01:10,brand,380812,239007,6195228
2011-02-15T01:01:11,brand,380812,239008,4983829
2011-02-15T20:24:48,brand,336447,239009,6558582
2011-02-17T12:37:16,brand,380812,239010,6352564
2011-02-17T21:04:35,brand,380812,239011,6758377
2011-02-19T14:15:40,brand,380812,239012,6474228
2011-02-22T02:52:40,brand,380812,239013,7050307
2011-02-22T16:54:44,brand,1775816,239014,3501384
2011-02-10T14:16:04,brand,380812,240001,6640988
2011-02-10T16:12:07,brand,2726720,240002,2342331
2011-02-13T13:20:25,brand,380812,240003,1159607
2011-02-14T19:56:18,brand,380812,240004,6305529
2011-02-14T20:24:29,brand,6726724,240005,6587909
2011-02-14T22:53:45,brand,148782,240006,6554144
2011-02-15T03:21:34,brand,3444590,240007,4962617
2011-02-17T01:16:01,brand,380812,240008,6155813
2011-02-18T16:55:33,brand,136704,240009,6531697
2011-02-19T19:53:45,brand,3317529,240010,3204197
2011-02-22T16:54:44,brand,1775816,240011,1077973
2011-02-10T17:16:34,brand,2272372,241001,6718779
2011-02-14T15:26:49,brand,136704,241002,6716896
2011-02-16T15:13:24,brand,136704,241003,3065175
2011-02-16T16:40:37,brand,380812,241004,6863160
2011-02-17T00:55:30,brand,3284223,241005,5254356
2011-02-17T00:55:34,brand,3284223,241006,4677259
2011-02-17T18:17:09,brand,380812,241007,6728028
2011-02-18T11:28:12,brand,380812,241008,6926636
2011-02-22T19:29:26,brand,380812,241009,6166136
2011-02-10T22:23:25,brand,3284223,242001,3398217
2011-02-11T07:49:39,brand,3531060,242002,4797687
2011-02-11T17:59:15,brand,380812,242003,6648991
2011-02-12T04:12:07,brand,1822310,242004,2588010
2011-02-15T09:43:05,brand,3099545,242005,753044
2011-02-17T00:55:35,brand,3284223,242006,5113630
2011-02-20T00:55:32,brand,3284223,242007,39630
2011-02-16T20:10:10,brand,380812,243001,6751455
2011-02-17T00:55:33,brand,3284223,243002,1128116
2011-02-17T18:17:05,brand,380812,243003,6576169
2011-02-19T01:15:20,brand,380812,243004,6880506
2011-02-21T15:41:39,brand,380812,243005,6968116
2011-02-23T04:00:56,brand,380812,244001,6872284
2011-02-23T09:17:59,brand,3284223,245001,2960126
2011-02-24T00:57:23,brand,380812,245002,6895976
2011-02-24T13:53:06,brand,380812,245003,5388521
2011-02-23T23:28:54,brand,2538059,246001,3382674
2011-02-24T11:21:06,brand,380812,246002,7109906
2011-02-24T01:41:48,brand,407956,247001,1033888
2011-02-24T03:26:11,brand,1372651,247002,3831885
2011-02-24T08:05:59,brand,38275,248001,1193970
2011-02-24T11:21:04,brand,380812,248002,6687474
2011-02-24T19:43:17,brand,28761,249001,6111862
2011-02-25T00:27:18,brand,77539,250001,5988774
2011-02-25T15:29:47,brand,380812,251001,7149836
2011-02-26T22:33:39,celebrity,989491,251002,388337
2011-02-26T22:33:41,celebrity,989491,251003,282856
2011-02-26T22:33:44,celebrity,989491,251004,755492
2011-02-26T22:33:48,celebrity,989491,251005,1169990
2011-02-26T22:33:53,celebrity,136704,251006,592
2011-02-26T22:37:08,celebrity,178847,251007,2318529
2011-02-26T22:40:47,celebrity,1715087,251008,2901547
2011-02-26T22:40:49,celebrity,1715087,251009,744967
2011-02-26T22:40:51,celebrity,1715087,251010,4537787
2011-02-26T22:40:52,celebrity,1715087,251011,853791
2011-02-26T22:40:54,celebrity,1715087,251012,74417
2011-02-26T22:40:55,celebrity,1715087,251013,1201641
2011-02-26T22:40:55,brand,1715087,251014,1485938
2011-02-26T22:40:56,celebrity,1715087,251015,1120322
2011-02-26T22:40:57,celebrity,1715087,251016,4563783
2011-02-26T22:43:06,celebrity,1856932,251017,80065
2011-02-26T22:43:08,celebrity,1856932,251018,1169143
2011-02-26T22:44:42,celebrity,1568451,251019,4794169
2011-02-26T22:57:05,celebrity,23336,251020,197514
2011-02-26T22:57:08,celebrity,23336,251021,3535367
2011-02-26T22:57:08,celebrity,23336,251022,3778197
2011-02-26T22:57:08,celebrity,23336,251023,413334
2011-02-26T22:57:09,celebrity,23336,251024,514193
2011-02-26T23:04:27,celebrity,475663,251025,2634858
2011-02-26T23:04:28,celebrity,475663,251026,402998
2011-02-26T23:04:29,celebrity,475663,251027,890950
2011-02-26T23:47:53,celebrity,1978901,251028,2381420
2011-02-27T00:08:53,celebrity,2666886,251029,4514629
2011-02-27T00:08:54,celebrity,2666886,251030,994205
2011-02-27T00:12:47,celebrity,1318277,251031,2336061
2011-02-27T00:51:53,celebrity,2464016,251032,1756193
2011-02-27T02:03:02,celebrity,261089,251033,3411629
2011-02-27T02:03:02,celebrity,261089,251034,148689
2011-02-27T02:03:02,celebrity,261089,251035,253543
2011-02-27T02:38:44,celebrity,2593211,251036,132335
2011-02-27T02:38:44,celebrity,2593211,251037,18246
2011-02-27T03:03:04,celebrity,5023230,251038,24572
2011-02-27T03:07:46,celebrity,1205674,251039,216
2011-02-27T06:00:28,celebrity,3284223,251040,1028628
2011-02-27T06:00:29,celebrity,3284223,251041,61000
2011-02-27T06:08:36,celebrity,2082902,251042,494
2011-02-27T06:53:20,celebrity,1399435,251043,1479639
2011-02-27T08:22:02,celebrity,250060,251044,25673
2011-02-27T08:22:02,celebrity,250060,251045,374968
2011-02-27T08:22:05,celebrity,250060,251046,838985
2011-02-27T08:22:06,celebrity,250060,251047,378850
2011-02-27T09:26:09,celebrity,1512295,251048,5486057
2011-02-27T10:32:07,celebrity,1361698,251049,228899
2011-02-27T11:49:05,celebrity,1031471,251050,199557
2011-02-27T11:49:06,celebrity,1031471,251051,217090
2011-02-27T11:49:07,celebrity,1031471,251052,882295
2011-02-27T11:56:55,celebrity,1882905,251053,364010
2011-02-28T14:54:57,celebrity,5400693,251054,3574
2011-02-28T15:07:20,celebrity,25500,251055,60505
2011-02-28T15:07:21,celebrity,25500,251056,582832
2011-02-28T15:07:21,celebrity,25500,251057,2536282
2011-02-28T15:16:28,celebrity,777401,251058,334888
2011-02-28T15:16:29,celebrity,777401,251059,229407
2011-02-28T15:20:41,celebrity,116503,251060,25317
2011-02-28T15:20:41,celebrity,116503,251061,14947
2011-02-28T15:20:41,celebrity,116503,251062,165871
2011-02-28T15:20:41,celebrity,116503,251063,86315
2011-02-28T15:22:32,celebrity,2324001,251065,114163
2011-02-28T16:00:32,celebrity,811634,251066,4773473
2011-02-28T16:39:50,celebrity,6452416,251067,396566
2011-02-28T17:53:11,celebrity,1204267,251068,77001
2011-02-28T18:08:01,celebrity,2227092,251069,809677
2011-02-28T21:06:35,brand,136704,251070,5920548
2011-03-01T02:16:27,celebrity,582832,251071,1124208
2011-03-01T02:16:27,celebrity,582832,251072,1189083
2011-03-01T18:52:54,celebrity,1292199,251074,380362
2011-03-02T05:34:11,celebrity,4288585,251075,1696024
2011-03-03T16:45:29,celebrity,710307,251076,882259
2011-03-04T06:21:01,brand,6520963,251077,1070527
2011-03-04T11:22:31,celebrity,2555291,251078,4567979
2011-03-05T08:58:09,celebrity,2736783,251079,5273068
2011-03-05T13:00:25,brand,1001460,251080,2413804
2011-03-07T02:10:00,celebrity,276719,251081,72658
2011-03-07T14:07:25,brand,380812,251082,7372302
2011-02-25T18:08:15,brand,380812,252001,7166921
2011-02-26T22:33:41,celebrity,989491,252002,1695303
2011-02-26T22:33:46,celebrity,989491,252003,1004845
2011-02-26T22:33:46,celebrity,989491,252004,1187936
2011-02-26T22:33:47,celebrity,989491,252005,1568953
2011-02-26T22:33:52,celebrity,136704,252006,6756546
2011-02-26T22:40:48,celebrity,1715087,252007,2819694
2011-02-26T22:40:49,celebrity,1715087,252008,4473920
2011-02-26T22:40:50,celebrity,1715087,252009,2211945
2011-02-26T22:40:54,celebrity,1715087,252010,81875
2011-02-26T22:43:04,celebrity,1856932,252011,1613775
2011-02-26T22:43:06,celebrity,1856932,252012,365195
2011-02-26T22:43:06,celebrity,1856932,252013,1042840
2011-02-26T22:43:06,celebrity,1856932,252014,64006
2011-02-26T22:43:28,celebrity,1965273,252015,449480
2011-02-26T22:57:04,celebrity,23336,252016,3011910
2011-02-26T22:57:06,celebrity,23336,252017,790672
2011-02-26T22:57:07,celebrity,23336,252018,412595
2011-02-26T22:57:08,celebrity,23336,252019,171405
2011-02-26T22:57:10,celebrity,23336,252020,4567654
2011-02-26T22:57:11,celebrity,23336,252021,14910
2011-02-26T22:57:11,celebrity,23336,252022,51024
2011-02-26T22:57:17,celebrity,2538059,252023,813259
2011-02-26T22:57:24,celebrity,2538059,252024,299523
2011-02-26T23:04:28,celebrity,475663,252025,3276084
2011-02-27T00:08:53,celebrity,2666886,252026,2001138
2011-02-27T00:34:28,celebrity,1166016,252027,1844524
2011-02-27T00:47:09,celebrity,2102728,252028,3307225
2011-02-27T00:47:10,celebrity,2102728,252029,3291782
2011-02-27T00:47:11,celebrity,2102728,252030,3307225
2011-02-27T00:51:53,celebrity,2464016,252031,2324980
2011-02-27T01:34:12,celebrity,885238,252032,677744
2011-02-27T01:51:52,celebrity,277133,252033,1076302
2011-02-27T02:14:38,celebrity,1095584,252034,1260631
2011-02-27T02:36:53,celebrity,1576283,252035,1574455
2011-02-27T03:03:03,celebrity,5023230,252036,376131
2011-02-27T03:03:04,celebrity,5023230,252037,1976544
2011-02-27T06:00:27,celebrity,3284223,252038,505504
2011-02-27T06:00:29,celebrity,3284223,252039,267867
2011-02-27T06:00:30,celebrity,3284223,252040,214720
2011-02-27T07:33:17,celebrity,2013419,252041,1421305
2011-02-27T08:22:03,celebrity,250060,252042,80025
2011-02-27T08:22:07,celebrity,250060,252043,76378
2011-02-27T10:25:07,celebrity,1806279,252044,364168
2011-02-27T11:10:15,celebrity,1311429,252045,518855
2011-02-27T11:49:07,celebrity,1031471,252046,4173751
2011-02-27T11:49:07,celebrity,1031471,252047,163826
2011-02-27T11:56:56,celebrity,1882905,252048,1586088
2011-02-27T13:10:00,celebrity,1731218,252049,1009289
2011-02-27T16:17:20,celebrity,1311485,252050,938484
2011-02-27T16:17:21,celebrity,1311485,252051,2695591
2011-02-27T16:17:23,celebrity,1311485,252052,1450230
2011-02-27T16:22:20,celebrity,897952,252053,1823115
2011-02-28T14:15:11,brand,380812,252054,6920195
2011-02-28T15:07:21,celebrity,25500,252055,266212
2011-02-28T15:16:28,celebrity,777401,252056,261653
2011-02-28T15:16:28,celebrity,777401,252057,181920
2011-02-28T15:16:29,celebrity,777401,252058,170739
2011-02-28T15:42:03,celebrity,157753,252060,643970
2011-02-28T16:00:04,celebrity,103303,252061,128160
2011-02-28T16:00:04,celebrity,103303,252062,169150
2011-02-28T16:00:05,celebrity,103303,252063,2798615
2011-02-28T16:00:05,celebrity,103303,252064,259255
2011-02-28T16:00:05,celebrity,103303,252065,74748
2011-02-28T16:00:05,celebrity,103303,252066,14115
2011-02-28T17:53:11,celebrity,1204267,252067,191307
2011-02-28T23:13:31,celebrity,5328349,252068,244
2011-03-01T01:42:33,brand,380812,252069,6086464
2011-03-01T02:16:27,celebrity,582832,252070,194567
2011-03-01T18:35:37,celebrity,1536366,252071,593689
2011-03-01T19:54:09,brand,4073,252072,6892577
2011-03-01T21:36:50,celebrity,805382,252073,90776
2011-03-02T11:26:29,brand,380812,252074,7295758
2011-03-03T02:18:30,celebrity,512845,252075,23387
2011-03-03T16:45:28,celebrity,710307,252076,47263
2011-03-03T16:45:28,brand,710307,252077,5999011
2011-03-04T01:50:06,brand,136704,252078,6479209
2011-03-04T21:40:57,brand,380812,252079,6950899
2011-03-05T16:18:24,brand,380812,252080,6473092
2011-03-05T22:58:35,brand,380812,252081,613656
2011-03-07T02:10:00,celebrity,276719,252082,11350
2011-03-07T20:41:49,brand,380812,252083,2109784
2011-03-07T22:09:19,celebrity,710307,252084,79631
2011-02-26T03:06:27,brand,380812,253001,1850282
2011-02-26T15:21:30,brand,1165755,253002,5962350
2011-02-26T22:33:40,celebrity,989491,253003,702885
2011-02-26T22:33:42,celebrity,989491,253004,686403
2011-02-26T22:33:42,celebrity,989491,253005,1154759
2011-02-26T22:33:43,celebrity,989491,253006,142058
2011-02-26T22:33:45,celebrity,989491,253007,1173366
2011-02-26T22:33:52,celebrity,136704,253008,8313
2011-02-26T22:33:53,celebrity,136704,253009,6053
2011-02-26T22:40:50,celebrity,1715087,253010,1370082
2011-02-26T22:40:51,celebrity,1715087,253011,3799896
2011-02-26T22:40:52,celebrity,1715087,253012,2210529
2011-02-26T22:40:52,celebrity,1715087,253013,1373069
2011-02-26T22:43:07,celebrity,1856932,253014,378842
2011-02-26T22:57:05,celebrity,23336,253015,97263
2011-02-26T22:57:07,celebrity,23336,253016,227883
2011-02-26T22:57:11,celebrity,23336,253017,595
2011-02-26T22:57:11,celebrity,23336,253018,702850
2011-02-26T22:57:12,celebrity,23336,253019,1582020
2011-02-26T22:57:18,celebrity,2538059,253020,2223266
2011-02-26T22:57:22,celebrity,2538059,253021,1405151
2011-02-26T22:57:24,celebrity,2538059,253022,2699442
2011-02-26T23:04:27,celebrity,475663,253023,507948
2011-02-26T23:09:53,celebrity,380812,253024,913697
2011-02-26T23:27:12,celebrity,4132150,253025,3959954
2011-02-26T23:32:32,celebrity,1935712,253026,1549890
2011-02-27T00:08:53,celebrity,2666886,253027,1167927
2011-02-27T00:47:09,celebrity,2102728,253028,3819416
2011-02-27T01:45:44,celebrity,738756,253029,1329353
2011-02-27T01:51:52,celebrity,277133,253030,1636170
2011-02-27T01:51:52,celebrity,277133,253031,1075308
2011-02-27T01:59:34,celebrity,32727,253032,679687
2011-02-27T03:03:03,celebrity,5023230,253033,763107
2011-02-27T03:03:05,celebrity,5023230,253034,3801273
2011-02-27T04:33:34,celebrity,1046143,253035,3313021
2011-02-27T04:50:16,celebrity,4126721,253036,1550531
2011-02-27T04:50:16,celebrity,4126721,253037,5030994
2011-02-27T05:06:25,celebrity,105885,253038,99186
2011-02-27T05:55:11,celebrity,2675912,253039,2629883
2011-02-27T06:00:25,celebrity,3284223,253040,2957690
2011-02-27T06:00:25,celebrity,3284223,253041,2530716
2011-02-27T06:00:26,celebrity,3284223,253042,197783
2011-02-27T06:00:28,celebrity,3284223,253043,13613
2011-02-27T06:00:31,celebrity,3284223,253044,58566
2011-02-27T06:11:11,celebrity,1575274,253045,552152
2011-02-27T08:22:01,celebrity,250060,253046,24276
2011-02-27T08:22:04,celebrity,250060,253047,323416
2011-02-27T08:22:05,celebrity,250060,253048,469139
2011-02-27T08:22:08,celebrity,250060,253049,3050154
2011-02-27T08:29:06,celebrity,986560,253050,929152
2011-02-27T11:49:05,celebrity,1031471,253051,650892
2011-02-27T13:20:05,celebrity,2577043,253052,423294
2011-02-27T16:17:20,celebrity,1311485,253053,79295
2011-02-27T16:17:23,celebrity,1311485,253054,1044472
2011-02-27T16:22:20,celebrity,897952,253055,930158
2011-02-27T16:22:21,celebrity,897952,253056,3318741
2011-02-27T16:22:22,celebrity,897952,253057,897307
2011-02-28T13:38:25,celebrity,4530412,253058,1437287
2011-02-28T15:07:21,celebrity,25500,253059,159425
2011-02-28T15:16:28,celebrity,777401,253060,4065
2011-02-28T15:20:41,celebrity,116503,253061,1335106
2011-02-28T15:20:41,celebrity,116503,253062,1474736
2011-02-28T15:26:51,celebrity,3657578,253063,1016488
2011-02-28T16:00:04,celebrity,103303,253064,85456
2011-02-28T16:00:04,celebrity,103303,253065,682417
2011-02-28T16:14:49,celebrity,189221,253066,3332
2011-02-28T16:14:49,celebrity,189221,253067,6479261
2011-02-28T17:53:11,celebrity,1204267,253068,51422
2011-02-28T21:05:30,celebrity,4104452,253069,2608025
2011-02-28T21:49:12,celebrity,1393720,253070,2526086
2011-02-28T23:13:32,celebrity,5328349,253071,4248028
2011-03-01T02:16:28,celebrity,582832,253072,2624923
2011-03-02T06:25:46,celebrity,1451764,253073,560749
2011-03-02T08:33:13,celebrity,1244140,253074,3144621
2011-03-02T09:00:05,celebrity,4075420,253075,3727972
2011-03-02T09:00:05,celebrity,4075420,253076,109085
2011-03-03T01:32:32,brand,301583,253077,1987567
2011-03-03T16:45:28,celebrity,710307,253078,2489696
2011-03-03T16:45:28,celebrity,710307,253079,4904555
2011-03-03T16:45:29,celebrity,710307,253080,828564
2011-03-05T12:38:22,brand,380812,253081,6953019
2011-03-05T12:38:22,brand,380812,253082,7371655
2011-03-07T02:10:00,celebrity,276719,253083,360586
2011-02-26T21:45:02,brand,2538059,254001,6504276
2011-02-26T22:33:39,celebrity,989491,254002,5115801
2011-02-26T22:33:39,celebrity,989491,254003,737807
2011-02-26T22:33:40,celebrity,989491,254004,1652102
2011-02-26T22:33:40,celebrity,989491,254005,2679059
2011-02-26T22:33:44,celebrity,989491,254006,827723
2011-02-26T22:33:47,celebrity,989491,254007,341403
2011-02-26T22:33:48,celebrity,989491,254008,890070
2011-02-26T22:33:48,celebrity,989491,254009,107108
2011-02-26T22:37:08,celebrity,178847,254010,306754
2011-02-26T22:40:47,celebrity,1715087,254011,1516443
2011-02-26T22:40:51,celebrity,1715087,254012,273742
2011-02-26T22:40:52,celebrity,1715087,254013,1036351
2011-02-26T22:40:52,celebrity,1715087,254014,2899363
2011-02-26T22:40:53,celebrity,1715087,254015,1372774
2011-02-26T22:40:55,celebrity,1715087,254016,485562
2011-02-26T22:40:55,celebrity,1715087,254017,2500423
2011-02-26T22:40:55,celebrity,1715087,254018,1608507
2011-02-26T22:40:56,celebrity,1715087,254019,3156339
2011-02-26T22:40:56,celebrity,1715087,254020,820696
2011-02-26T22:43:03,celebrity,1856932,254021,98258
2011-02-26T22:43:05,celebrity,1856932,254022,1161867
2011-02-26T22:43:05,celebrity,1856932,254023,605398
2011-02-26T22:43:05,celebrity,1856932,254024,4710339
2011-02-26T22:44:42,celebrity,1568451,254025,31888
2011-02-26T22:44:42,celebrity,1568451,254026,1856932
2011-02-26T22:44:42,celebrity,1568451,254027,6479335
2011-02-26T22:57:12,celebrity,23336,254028,237662
2011-02-26T22:57:12,celebrity,23336,254029,426280
2011-02-26T22:57:21,celebrity,2538059,254030,521540
2011-02-26T23:04:27,celebrity,475663,254031,161338
2011-02-26T23:09:53,celebrity,380812,254032,718106
2011-02-27T00:08:54,celebrity,2666886,254033,1348865
2011-02-27T00:47:10,celebrity,2102728,254034,4317269
2011-02-27T01:22:24,celebrity,2464016,254035,551634
2011-02-27T02:36:46,celebrity,2517348,254036,1666313
2011-02-27T02:36:53,celebrity,1576283,254037,4366933
2011-02-27T03:03:04,celebrity,5023230,254038,1857082
2011-02-27T03:03:04,celebrity,5023230,254039,103015
2011-02-27T04:28:23,celebrity,3981589,254040,482219
2011-02-27T05:55:12,celebrity,2675912,254041,3876147
2011-02-27T06:00:26,celebrity,3284223,254042,157343
2011-02-27T06:00:27,celebrity,3284223,254043,825462
2011-02-27T06:11:54,celebrity,1299061,254044,2467483
2011-02-27T08:22:04,celebrity,250060,254045,61141
2011-02-27T08:51:28,celebrity,4063782,254046,199428
2011-02-27T08:51:29,celebrity,4063782,254047,3412163
2011-02-27T11:49:06,celebrity,1031471,254048,4963627
2011-02-27T11:49:06,celebrity,1031471,254049,40734
2011-02-27T11:49:07,celebrity,1031471,254050,2441949
2011-02-27T13:32:13,celebrity,1269549,254051,3172
2011-02-27T14:12:07,celebrity,1339932,254052,2224031
2011-02-27T16:17:22,celebrity,1311485,254053,2936340
2011-02-27T16:22:21,celebrity,897952,254054,820855
2011-02-27T16:22:21,celebrity,897952,254055,1126243
2011-02-27T16:28:06,celebrity,2741253,254056,1509334
2011-02-27T16:28:07,celebrity,2741253,254057,581053
2011-02-27T16:28:07,celebrity,2741253,254058,341629
2011-02-28T13:38:05,celebrity,1115071,254059,1908890
2011-02-28T13:39:30,celebrity,2538059,254060,1393720
2011-02-28T14:16:45,celebrity,1487686,254061,1781675
2011-02-28T14:37:58,celebrity,5072208,254062,728542
2011-02-28T15:07:20,celebrity,25500,254063,1849514
2011-02-28T15:07:21,celebrity,25500,254064,23500
2011-02-28T15:16:29,celebrity,777401,254065,369586
2011-02-28T15:16:29,celebrity,777401,254066,3130082
2011-02-28T15:16:29,celebrity,777401,254067,461867
2011-02-28T15:16:29,celebrity,777401,254068,96989
2011-02-28T15:16:29,celebrity,777401,254069,287472
2011-02-28T15:20:41,celebrity,116503,254070,40039
2011-02-28T15:35:43,celebrity,1168847,254071,2735245
2011-02-28T16:00:05,celebrity,103303,254072,59961
2011-02-28T16:00:05,celebrity,103303,254073,181772
2011-02-28T16:00:05,celebrity,103303,254074,907328
2011-02-28T16:30:07,celebrity,261653,254075,199542
2011-02-28T16:30:07,celebrity,261653,254076,118080
2011-02-28T16:39:49,celebrity,6452416,254077,1016916
2011-02-28T19:48:21,brand,380812,254078,7052843
2011-02-28T20:53:48,celebrity,65231,254079,4874298
2011-03-01T02:16:27,celebrity,582832,254080,1768443
2011-03-01T02:16:28,celebrity,582832,254081,1402510
2011-03-01T13:46:17,celebrity,364473,254082,104796
2011-03-01T13:46:17,brand,364473,254083,6697623
2011-03-01T18:52:55,celebrity,1292199,254084,299072
2011-03-02T14:50:46,celebrity,1247831,254085,452667
2011-03-02T20:37:45,celebrity,2638469,254086,399832
2011-03-03T12:05:11,celebrity,382435,254087,1051964
2011-03-04T16:17:38,brand,380812,254088,898255
2011-03-06T22:59:13,brand,380812,254089,6707657
2011-03-07T21:25:03,brand,380812,254090,6870380
2011-03-07T22:09:19,celebrity,710307,254091,68394
2011-02-26T22:33:38,celebrity,989491,255001,360677
2011-02-26T22:33:42,celebrity,989491,255002,19266
2011-02-26T22:33:43,celebrity,989491,255003,963905
2011-02-26T22:33:45,celebrity,989491,255004,1483804
2011-02-26T22:33:45,celebrity,989491,255005,6364508
2011-02-26T22:33:47,celebrity,989491,255006,1310174
2011-02-26T22:33:47,celebrity,989491,255007,56594
2011-02-26T22:33:52,celebrity,136704,255008,340098
2011-02-26T22:37:07,celebrity,178847,255009,689146
2011-02-26T22:40:47,celebrity,1715087,255010,1029520
2011-02-26T22:40:48,celebrity,1715087,255011,830572
2011-02-26T22:40:51,celebrity,1715087,255012,884573
2011-02-26T22:40:53,celebrity,1715087,255013,1734301
2011-02-26T22:40:54,celebrity,1715087,255014,1692970
2011-02-26T22:43:06,celebrity,1856932,255015,2288071
2011-02-26T22:43:07,celebrity,1856932,255016,52
2011-02-26T22:44:42,celebrity,1568451,255017,2816543
2011-02-26T22:57:06,celebrity,23336,255018,33833
2011-02-26T22:57:06,celebrity,23336,255019,2272566
2011-02-26T22:57:07,celebrity,23336,255020,346465
2011-02-26T22:57:11,celebrity,23336,255021,24301
2011-02-26T22:57:31,celebrity,2538059,255022,2642860
2011-02-26T23:04:26,celebrity,475663,255023,750030
2011-02-26T23:04:28,celebrity,475663,255024,3418537
2011-02-26T23:04:29,celebrity,475663,255025,390459
2011-02-26T23:11:34,celebrity,2234120,255026,439408
2011-02-26T23:21:59,celebrity,2199681,255027,4531070
2011-02-27T00:47:09,celebrity,2102728,255028,4317269
2011-02-27T00:51:54,celebrity,2464016,255029,2324980
2011-02-27T01:34:34,brand,380812,255030,6636163
2011-02-27T01:51:51,celebrity,277133,255031,2731214
2011-02-27T01:51:52,celebrity,277133,255032,3058793
2011-02-27T03:03:03,celebrity,5023230,255033,3265
2011-02-27T03:03:03,celebrity,5023230,255034,1778849
2011-02-27T03:03:05,celebrity,5023230,255035,55050
2011-02-27T03:03:05,celebrity,5023230,255036,17718
2011-02-27T05:55:12,celebrity,2675912,255037,2717429
2011-02-27T06:00:30,celebrity,3284223,255038,382813
2011-02-27T07:12:06,celebrity,5301716,255039,1177669
2011-02-27T07:14:31,celebrity,5089108,255040,874872
2011-02-27T08:22:08,celebrity,250060,255041,350640
2011-02-27T08:29:06,celebrity,986560,255042,3100592
2011-02-27T09:11:43,celebrity,6913444,255043,1148067
2011-02-27T09:48:01,celebrity,4801731,255044,2018169
2011-02-27T10:02:38,celebrity,1007363,255045,1406270
2011-02-27T10:25:07,celebrity,1806279,255046,3850231
2011-02-27T13:22:36,celebrity,121824,255047,3157894
2011-02-27T16:17:23,celebrity,1311485,255048,54443
2011-02-27T16:22:20,celebrity,897952,255049,3999170
2011-02-27T16:28:06,celebrity,2741253,255050,181926
2011-02-28T13:38:05,celebrity,1115071,255051,1028368
2011-02-28T14:16:45,celebrity,1487686,255052,2075449
2011-02-28T14:50:17,celebrity,1244238,255053,1590898
2011-02-28T15:07:20,celebrity,25500,255054,2929851
2011-02-28T15:07:20,celebrity,25500,255055,767184
2011-02-28T15:07:21,celebrity,25500,255056,91438
2011-02-28T15:16:28,celebrity,777401,255057,5003
2011-02-28T15:16:29,celebrity,777401,255058,97869
2011-02-28T15:16:29,celebrity,777401,255059,58208
2011-02-28T15:20:41,celebrity,116503,255061,103303
2011-02-28T15:20:41,celebrity,116503,255062,1424613
2011-02-28T15:24:45,celebrity,301583,255063,2372857
2011-02-28T16:14:49,celebrity,189221,255064,2180245
2011-02-28T16:14:49,celebrity,189221,255065,713852
2011-02-28T16:34:41,celebrity,6211478,255066,3917388
2011-02-28T17:53:11,celebrity,1204267,255067,46301
2011-02-28T20:53:48,celebrity,65231,255068,218295
2011-03-01T00:19:22,celebrity,663985,255069,843
2011-03-01T02:16:24,celebrity,2725671,255070,159171
2011-03-01T02:16:28,celebrity,582832,255071,3524224
2011-03-01T13:50:43,brand,508785,255072,1272624
2011-03-01T13:50:44,celebrity,508785,255073,89313
2011-03-01T18:35:37,celebrity,1536366,255074,160943
2011-03-02T04:43:30,brand,3284223,255075,24109
2011-03-02T05:07:21,celebrity,2363583,255076,1204267
2011-03-02T07:12:28,celebrity,2249168,255077,286040
2011-03-02T09:00:05,celebrity,4075420,255078,561114
2011-03-03T16:45:28,celebrity,710307,255079,2943685
2011-03-03T16:45:29,celebrity,710307,255080,218614
2011-03-03T16:45:29,celebrity,710307,255081,20020
2011-03-04T02:47:54,brand,243397,255082,4126659
2011-03-04T03:21:28,brand,380812,255083,6680334
2011-03-05T06:08:11,celebrity,3067279,255084,433883
2011-03-06T23:36:02,brand,3070134,255085,1757583
2011-03-08T19:49:40,celebrity,7496457,255086,2673420
2011-03-09T01:13:07,brand,1000164,255087,1011758
2011-03-09T01:14:29,brand,380812,255088,7491307
2011-03-09T01:58:19,brand,3284223,255089,6248233
2011-03-09T11:16:42,celebrity,1867993,255090,794294
2011-03-09T15:07:28,celebrity,1361698,255091,231268
2011-03-09T16:53:51,celebrity,431800,255092,279878
2011-03-10T00:47:42,celebrity,2454895,255093,361200
2011-03-10T11:47:45,brand,4221415,255094,6643367
2011-03-10T17:55:06,celebrity,180042,255095,132693
2011-02-26T22:33:39,celebrity,989491,256001,1964265
2011-02-26T22:33:40,celebrity,989491,256002,3043261
2011-02-26T22:33:41,celebrity,989491,256003,1594442
2011-02-26T22:33:43,celebrity,989491,256004,267822
2011-02-26T22:33:44,celebrity,989491,256005,545335
2011-02-26T22:33:44,celebrity,989491,256006,534776
2011-02-26T22:33:46,celebrity,989491,256007,750155
2011-02-26T22:33:52,celebrity,136704,256008,5474479
2011-02-26T22:37:08,celebrity,178847,256009,2771980
2011-02-26T22:40:46,celebrity,1715087,256010,611429
2011-02-26T22:40:47,celebrity,1715087,256011,868869
2011-02-26T22:40:49,celebrity,1715087,256012,1174134
2011-02-26T22:40:50,celebrity,1715087,256013,94636
2011-02-26T22:40:53,celebrity,1715087,256014,113864
2011-02-26T22:40:53,celebrity,1715087,256015,1753712
2011-02-26T22:40:54,celebrity,1715087,256016,281186
2011-02-26T22:40:54,celebrity,1715087,256017,1137697
2011-02-26T22:40:56,celebrity,1715087,256018,1274918
2011-02-26T22:40:56,celebrity,1715087,256019,1312380
2011-02-26T22:43:02,celebrity,1856932,256020,1236201
2011-02-26T22:43:02,celebrity,1856932,256021,461842
2011-02-26T22:43:04,celebrity,1856932,256022,108624
2011-02-26T22:43:07,celebrity,1856932,256023,3177257
2011-02-26T22:57:05,celebrity,23336,256024,13276
2011-02-26T22:57:10,celebrity,23336,256025,1362680
2011-02-26T22:57:18,celebrity,2538059,256026,49712
2011-02-26T23:04:28,celebrity,475663,256027,1611755
2011-02-27T00:51:53,celebrity,2464016,256028,1756193
2011-02-27T00:56:48,celebrity,3431285,256029,2372148
2011-02-27T01:59:34,celebrity,32727,256030,2022803
2011-02-27T01:59:35,celebrity,32727,256031,3929848
2011-02-27T02:14:38,celebrity,1095584,256032,1517999
2011-02-27T02:17:15,celebrity,3323717,256033,2137063
2011-02-27T02:36:46,celebrity,2517348,256034,1532558
2011-02-27T03:03:05,celebrity,5023230,256035,189828
2011-02-27T04:50:16,celebrity,4126721,256036,979832
2011-02-27T04:50:16,celebrity,4126721,256037,3945290
2011-02-27T05:56:52,celebrity,2313980,256038,926655
2011-02-27T05:59:21,celebrity,6520963,256039,2747920
2011-02-27T06:00:26,celebrity,3284223,256040,417063
2011-02-27T06:00:27,celebrity,3284223,256041,32133
2011-02-27T06:06:26,celebrity,535751,256042,2388284
2011-02-27T06:11:11,celebrity,1575274,256043,2312848
2011-02-27T06:15:54,celebrity,1205674,256044,623738
2011-02-27T08:22:01,celebrity,250060,256045,571891
2011-02-27T08:22:03,celebrity,250060,256046,261321
2011-02-27T08:22:03,celebrity,250060,256047,606462
2011-02-27T08:51:28,celebrity,4063782,256048,8073
2011-02-27T11:44:07,celebrity,1908890,256049,2259647
2011-02-27T11:49:06,celebrity,1031471,256050,1302661
2011-02-27T11:56:56,celebrity,1882905,256051,909045
2011-02-27T11:56:57,celebrity,1882905,256052,1036507
2011-02-27T13:00:41,celebrity,3062661,256053,1372753
2011-02-27T14:11:34,celebrity,155473,256054,2838939
2011-02-27T15:01:03,celebrity,123464,256055,2277712
2011-02-27T16:17:22,celebrity,1311485,256056,2609385
2011-02-27T16:17:22,celebrity,1311485,256057,2468
2011-02-27T16:17:22,celebrity,1311485,256058,81211
2011-02-27T16:22:18,celebrity,897952,256059,8484
2011-02-27T16:22:19,celebrity,897952,256060,2892012
2011-02-28T13:37:34,brand,743300,256061,1693435
2011-02-28T13:38:05,celebrity,1115071,256062,1463327
2011-02-28T14:15:11,brand,380812,256063,5110875
2011-02-28T15:07:21,celebrity,25500,256064,1311909
2011-02-28T15:16:28,celebrity,777401,256065,170105
2011-02-28T15:16:29,celebrity,777401,256066,384453
2011-02-28T15:16:29,celebrity,777401,256067,259796
2011-02-28T16:00:04,celebrity,103303,256069,3157267
2011-02-28T16:00:04,celebrity,103303,256070,1589371
2011-02-28T16:00:05,celebrity,103303,256071,346164
2011-02-28T16:00:05,celebrity,103303,256072,232510
2011-02-28T16:00:05,celebrity,103303,256073,18262
2011-02-28T16:00:05,celebrity,103303,256074,21730
2011-02-28T16:04:53,celebrity,529645,256075,253516
2011-02-28T16:30:07,celebrity,261653,256076,1426774
2011-02-28T18:08:01,celebrity,2227092,256077,123028
2011-02-28T18:08:01,celebrity,2227092,256078,335889
2011-02-28T18:31:15,celebrity,1390333,256079,5753
2011-02-28T20:53:48,celebrity,65231,256080,446121
2011-03-01T02:16:25,celebrity,2725671,256081,4961892
2011-03-01T02:16:25,celebrity,2725671,256082,3581665
2011-03-01T02:16:27,celebrity,582832,256083,101791
2011-03-01T02:16:28,celebrity,582832,256084,3824641
2011-03-01T06:56:11,celebrity,1919012,256085,3422455
2011-03-01T07:02:54,celebrity,251442,256086,25338
2011-03-01T10:00:30,celebrity,1087938,256087,195831
2011-03-01T18:52:54,celebrity,1292199,256088,112361
2011-03-01T23:27:01,brand,811634,256089,7184129
2011-03-02T02:59:03,brand,3292678,256090,3278366
2011-03-02T06:25:47,celebrity,1451764,256091,313470
2011-03-02T09:00:05,celebrity,4075420,256092,231932
2011-03-02T09:29:38,celebrity,1602556,256093,88043
2011-03-04T18:04:39,celebrity,3666397,256094,4722589
2011-03-04T21:48:17,brand,136704,256095,7376706
2011-03-05T06:08:11,celebrity,3067279,256096,4542442
2011-03-08T01:24:25,brand,710307,256097,350308
2011-03-10T14:31:34,celebrity,710307,256098,494246
2011-03-10T17:17:32,celebrity,1775816,256099,327432
2011-02-26T22:33:40,celebrity,989491,257001,9143
2011-02-26T22:33:40,celebrity,989491,257002,287278
2011-02-26T22:33:41,celebrity,989491,257003,1213301
2011-02-26T22:33:43,celebrity,989491,257004,1888434
2011-02-26T22:33:44,celebrity,989491,257005,852311
2011-02-26T22:33:45,celebrity,989491,257006,2801120
2011-02-26T22:33:46,celebrity,989491,257007,748677
2011-02-26T22:33:47,celebrity,989491,257008,910282
2011-02-26T22:37:07,celebrity,178847,257009,316536
2011-02-26T22:40:46,celebrity,1715087,257010,4726727
2011-02-26T22:40:48,celebrity,1715087,257011,130771
2011-02-26T22:40:48,celebrity,1715087,257012,2004411
2011-02-26T22:40:48,celebrity,1715087,257013,339999
2011-02-26T22:40:49,celebrity,1715087,257014,434747
2011-02-26T22:40:49,celebrity,1715087,257015,512824
2011-02-26T22:40:52,celebrity,1715087,257016,4071365
2011-02-26T22:40:55,celebrity,1715087,257017,87517
2011-02-26T22:40:56,celebrity,1715087,257018,1216348
2011-02-26T22:43:02,celebrity,1856932,257019,165433
2011-02-26T22:43:05,celebrity,1856932,257020,307689
2011-02-26T22:43:07,celebrity,1856932,257021,1019144
2011-02-26T22:43:28,celebrity,1965273,257022,2211897
2011-02-26T22:53:37,celebrity,4292127,257023,2408978
2011-02-26T22:57:06,celebrity,23336,257024,86598
2011-02-26T22:57:06,celebrity,23336,257025,2540596
2011-02-26T22:57:07,celebrity,23336,257026,623247
2011-02-26T22:57:08,celebrity,23336,257027,25213
2011-02-26T22:57:17,celebrity,2538059,257028,613431
2011-02-26T22:57:29,celebrity,2538059,257029,5186224
2011-02-26T23:04:27,celebrity,475663,257030,14341
2011-02-26T23:04:29,celebrity,475663,257031,317153
2011-02-27T00:04:52,celebrity,2534633,257032,82341
2011-02-27T00:10:36,celebrity,155473,257033,5501946
2011-02-27T00:12:46,celebrity,1318277,257034,2336061
2011-02-27T00:47:09,celebrity,2102728,257035,3291782
2011-02-27T00:56:48,celebrity,3431285,257036,5014597
2011-02-27T01:34:12,celebrity,885238,257037,986378
2011-02-27T01:34:12,celebrity,885238,257038,1522898
2011-02-27T01:51:52,celebrity,277133,257039,1180780
2011-02-27T01:59:34,celebrity,32727,257040,1955115
2011-02-27T01:59:34,celebrity,32727,257041,1056888
2011-02-27T01:59:34,celebrity,32727,257042,2332871
2011-02-27T01:59:35,celebrity,32727,257043,1448423
2011-02-27T02:38:44,celebrity,2593211,257044,945643
2011-02-27T03:03:02,celebrity,5023230,257045,1841
2011-02-27T03:03:03,celebrity,5023230,257046,309351
2011-02-27T04:50:16,celebrity,4126721,257047,4047480
2011-02-27T05:01:33,celebrity,5382464,257048,185474
2011-02-27T05:55:11,celebrity,2675912,257049,955197
2011-02-27T06:00:25,celebrity,3284223,257050,2156039
2011-02-27T06:00:27,celebrity,3284223,257051,635906
2011-02-27T06:00:27,celebrity,3284223,257052,1392101
2011-02-27T06:00:28,celebrity,3284223,257053,1046444
2011-02-27T06:00:29,celebrity,3284223,257054,7643
2011-02-27T06:00:29,celebrity,3284223,257055,31066
2011-02-27T06:00:30,celebrity,3284223,257056,1709922
2011-02-27T06:00:30,celebrity,3284223,257057,336666
2011-02-27T06:00:31,celebrity,3284223,257058,27240
2011-02-27T06:19:02,celebrity,2255998,257059,1590898
2011-02-27T06:53:20,celebrity,1399435,257060,3103069
2011-02-27T08:22:01,celebrity,250060,257061,248109
2011-02-27T08:29:06,celebrity,986560,257062,4150325
2011-02-27T10:32:06,celebrity,1478765,257063,4463055
2011-02-27T11:56:56,celebrity,1882905,257064,311263
2011-02-27T11:56:57,celebrity,1882905,257065,97447
2011-02-27T12:08:15,celebrity,1296162,257066,3161510
2011-02-27T15:01:03,celebrity,123464,257067,305595
2011-02-27T16:17:19,celebrity,1311485,257068,2292586
2011-02-27T16:17:21,celebrity,1311485,257069,713492
2011-02-27T16:22:19,celebrity,897952,257070,1597895
2011-02-27T16:22:19,celebrity,897952,257071,289948
2011-02-27T16:22:19,celebrity,897952,257072,1105935
2011-02-27T16:22:20,celebrity,897952,257073,4870340
2011-02-27T16:22:21,celebrity,897952,257074,12046
2011-02-27T16:22:22,celebrity,897952,257075,4082383
2011-02-27T16:26:19,celebrity,1143849,257076,1482314
2011-02-28T13:39:30,celebrity,2538059,257077,1372651
2011-02-28T14:15:10,brand,380812,257078,5996734
2011-02-28T14:16:45,celebrity,1487686,257079,2315614
2011-02-28T15:16:29,celebrity,777401,257080,509086
2011-02-28T15:20:41,celebrity,116503,257081,2963
2011-02-28T16:00:04,celebrity,103303,257082,454379
2011-02-28T16:00:04,celebrity,103303,257083,465329
2011-02-28T16:00:05,celebrity,103303,257084,90354
2011-02-28T16:00:05,celebrity,103303,257085,34507
2011-02-28T16:00:05,celebrity,103303,257086,189157
2011-02-28T16:14:49,celebrity,189221,257087,4456856
2011-02-28T23:13:31,celebrity,5328349,257088,1347098
2011-03-01T02:16:27,celebrity,582832,257089,786876
2011-03-01T02:16:27,celebrity,582832,257090,880335
2011-03-01T06:55:42,celebrity,853462,257091,1873894
2011-03-02T04:48:12,celebrity,2839023,257092,24306
2011-03-02T08:30:07,celebrity,4245292,257093,551853
2011-02-26T22:33:42,celebrity,989491,258001,312234
2011-02-26T22:33:43,celebrity,989491,258002,80547
2011-02-26T22:33:46,celebrity,989491,258003,921601
2011-02-26T22:33:46,celebrity,989491,258004,1591573
2011-02-26T22:33:53,celebrity,136704,258005,5792
2011-02-26T22:40:50,celebrity,1715087,258006,3869632
2011-02-26T22:40:50,celebrity,1715087,258007,2463645
2011-02-26T22:40:51,celebrity,1715087,258008,3210235
2011-02-26T22:40:56,celebrity,1715087,258009,97429
2011-02-26T22:43:02,celebrity,1856932,258010,1651903
2011-02-26T22:43:03,celebrity,1856932,258011,937997
2011-02-26T22:43:03,celebrity,1856932,258012,2408147
2011-02-26T22:43:03,celebrity,1856932,258013,128400
2011-02-26T22:43:04,celebrity,1856932,258014,1498912
2011-02-26T22:43:04,celebrity,1856932,258015,645107
2011-02-26T22:43:05,celebrity,1856932,258016,4777131
2011-02-26T22:43:05,celebrity,1856932,258017,977798
2011-02-26T22:43:07,celebrity,1856932,258018,3910168
2011-02-26T22:43:07,celebrity,1856932,258019,217211
2011-02-26T22:44:41,celebrity,1568451,258020,2504854
2011-02-26T22:49:51,celebrity,716957,258021,184319
2011-02-26T22:49:51,celebrity,716957,258022,1089225
2011-02-26T22:57:05,celebrity,23336,258023,208995
2011-02-26T22:57:07,celebrity,23336,258024,32938
2011-02-26T22:57:16,celebrity,2538059,258025,46463
2011-02-26T22:57:20,celebrity,2538059,258026,2624367
2011-02-26T22:57:21,celebrity,2538059,258027,145759
2011-02-26T23:04:27,celebrity,475663,258028,393605
2011-02-26T23:04:28,celebrity,475663,258029,1061740
2011-02-26T23:09:53,celebrity,380812,258030,4213626
2011-02-26T23:09:53,celebrity,380812,258031,1839340
2011-02-26T23:47:53,celebrity,1978901,258032,4346317
2011-02-27T00:47:10,celebrity,2102728,258033,3819416
2011-02-27T02:14:38,celebrity,1095584,258034,1464667
2011-02-27T02:38:43,celebrity,2593211,258035,1892471
2011-02-27T02:38:44,celebrity,2593211,258036,3329982
2011-02-27T03:03:04,celebrity,5023230,258037,76653
2011-02-27T04:50:16,celebrity,4126721,258038,565726
2011-02-27T05:56:51,celebrity,2313980,258039,2024171
2011-02-27T05:56:52,celebrity,2313980,258040,277133
2011-02-27T05:56:52,celebrity,2313980,258041,1056364
2011-02-27T05:56:52,celebrity,2313980,258042,1720592
2011-02-27T06:00:26,celebrity,3284223,258043,93162
2011-02-27T06:00:28,celebrity,3284223,258044,2307
2011-02-27T06:06:26,celebrity,535751,258045,1393720
2011-02-27T06:15:54,celebrity,1205674,258046,3301263
2011-02-27T07:38:25,celebrity,1361630,258047,1463327
2011-02-27T08:22:02,celebrity,250060,258048,237467
2011-02-27T08:22:06,celebrity,250060,258049,564266
2011-02-27T08:22:07,celebrity,250060,258050,147372
2011-02-27T08:51:29,celebrity,4063782,258051,1478079
2011-02-27T11:49:07,celebrity,1031471,258052,3156528
2011-02-27T11:56:55,celebrity,1882905,258053,5000083
2011-02-27T11:56:56,celebrity,1882905,258054,4049968
2011-02-27T12:56:27,celebrity,136704,258055,2929
2011-02-27T13:20:05,celebrity,2577043,258056,2473469
2011-02-27T13:20:06,celebrity,2577043,258057,626043
2011-02-27T14:11:34,celebrity,155473,258058,61074
2011-02-27T14:26:38,celebrity,2270772,258059,75273
2011-02-27T15:01:03,celebrity,123464,258060,27483
2011-02-27T16:17:20,celebrity,1311485,258061,38282
2011-02-27T16:17:21,celebrity,1311485,258062,9661
2011-02-27T16:17:21,celebrity,1311485,258063,30898
2011-02-27T16:17:21,celebrity,1311485,258064,59734
2011-02-27T16:22:20,celebrity,897952,258065,1841846
2011-02-27T16:22:21,celebrity,897952,258066,86122
2011-02-27T16:28:07,celebrity,2741253,258067,187231
2011-02-28T13:54:43,celebrity,1239018,258068,1421305
2011-02-28T14:15:10,brand,380812,258069,1775172
2011-02-28T14:15:10,brand,380812,258070,5089336
2011-02-28T15:07:20,celebrity,25500,258071,3076745
2011-02-28T15:07:20,celebrity,25500,258072,24644
2011-02-28T15:07:20,celebrity,25500,258073,19798
2011-02-28T15:16:29,celebrity,777401,258074,116503
2011-02-28T15:16:29,celebrity,777401,258075,180953
2011-02-28T15:16:29,celebrity,777401,258076,150776
2011-02-28T15:20:41,celebrity,116503,258078,80476
2011-02-28T16:00:04,celebrity,103303,258079,3377
2011-02-28T16:00:05,celebrity,103303,258080,1342108
2011-02-28T16:00:05,celebrity,103303,258081,52609
2011-02-28T16:00:05,celebrity,103303,258082,283899
2011-02-28T16:00:05,celebrity,103303,258083,78354
2011-02-28T16:00:32,celebrity,811634,258084,735228
2011-02-28T16:30:07,celebrity,261653,258085,1399303
2011-02-28T16:39:50,celebrity,6452416,258086,480889
2011-02-28T20:53:48,celebrity,65231,258087,81386
2011-03-01T02:16:27,celebrity,582832,258088,1463380
2011-03-01T02:16:27,celebrity,582832,258089,568555
2011-03-01T07:02:54,celebrity,251442,258090,272885
2011-03-02T03:54:58,celebrity,1415789,258091,206843
2011-03-02T06:17:28,brand,1478765,258092,6168030
2011-03-02T09:00:05,celebrity,4075420,258093,126276
2011-03-02T16:42:13,celebrity,4244334,258094,4638811
2011-03-04T03:21:28,brand,380812,258095,6865839
2011-03-06T12:03:00,celebrity,863769,258096,7414
2011-03-07T08:43:38,celebrity,2645362,258097,738691
2011-03-07T17:06:53,celebrity,1549712,258098,174123
2011-03-07T20:41:49,brand,380812,258099,5943188
2011-03-08T01:22:42,celebrity,710307,258100,13534
2011-03-08T01:22:42,celebrity,710307,258101,1555386
2011-03-08T08:53:07,brand,7334958,258102,7335449
2011-03-03T02:18:30,celebrity,512845,259001,184748
2011-03-03T14:45:52,brand,136704,259002,6573022
2011-03-03T16:45:28,celebrity,710307,259003,87697
2011-03-03T16:45:28,celebrity,710307,259004,3281
2011-03-03T16:45:29,celebrity,710307,259005,437437
2011-03-03T16:45:29,celebrity,710307,259006,370756
2011-03-04T21:40:57,brand,380812,259007,352065
2011-03-05T02:56:09,celebrity,2024171,259008,1907107
2011-03-08T01:22:42,brand,710307,259009,7210725
2011-03-08T20:07:38,celebrity,1239715,260001,692475
2011-03-10T14:31:35,celebrity,710307,260002,28184
2011-03-10T17:17:32,celebrity,1775816,260003,272614
2011-03-10T17:55:06,celebrity,180042,260004,474693
2011-03-09T01:14:29,brand,380812,261001,2092705
2011-03-10T00:47:42,celebrity,2454895,261002,3598501
2011-03-09T01:14:29,brand,380812,262001,7469230
2011-03-09T01:58:20,brand,3284223,262002,4737313
2011-03-09T03:47:53,brand,380812,262003,7375175
2011-03-09T03:47:53,brand,380812,262004,7128944
2011-03-09T16:53:52,celebrity,431800,262005,739805
2011-03-09T20:51:57,celebrity,7495792,262006,647859
2011-03-10T17:17:31,celebrity,1775816,262007,544145
2011-03-10T17:17:32,celebrity,1775816,262008,153525
2011-03-09T01:58:20,brand,3284223,263001,5861778
2011-03-09T16:53:52,celebrity,431800,263002,278742
2011-03-09T14:19:19,brand,380812,264001,7271017
2011-03-09T18:25:06,celebrity,1382327,265001,111429
2011-03-10T13:55:37,celebrity,868702,266001,1411289
2011-03-10T16:30:11,brand,301583,266002,7380598
2011-03-10T17:17:32,celebrity,1775816,266003,2946128
2011-03-10T17:17:32,celebrity,1775816,266004,336588
2011-03-10T19:14:38,brand,1615770,266005,6704016
2011-03-10T23:27:57,celebrity,1132592,267001,87508
2011-03-11T19:44:25,celebrity,325816,267002,3230762
2011-03-11T23:28:40,celebrity,4762572,267003,418353
2011-03-12T10:58:51,celebrity,2526086,267004,259404
2011-03-12T16:09:12,brand,3910168,267005,4673620
2011-03-12T20:54:47,brand,897952,267006,3838796
2011-03-13T14:45:42,brand,1097185,267007,7497811
2011-03-13T14:59:22,celebrity,3819416,267008,2333828
2011-03-13T20:21:46,brand,233446,267009,5721857
2011-03-14T10:08:55,celebrity,5900590,267011,23336
2011-03-15T10:33:46,brand,380812,267012,7598300
2011-03-15T10:33:46,brand,380812,267013,5097439
2011-03-16T12:36:56,brand,136704,267014,7551353
2011-03-10T23:27:57,celebrity,1132592,268001,4104809
2011-03-11T01:08:05,celebrity,256867,268002,242159
2011-03-11T01:08:05,celebrity,256867,268003,512493
2011-03-11T01:18:56,brand,380812,268005,7529327
2011-03-11T18:14:53,celebrity,2178060,268006,7120522
2011-03-12T13:21:06,celebrity,331577,268007,293091
2011-03-13T14:48:40,brand,5494686,268008,7269527
2011-03-13T14:53:40,celebrity,3317529,268009,3260330
2011-03-14T09:44:14,celebrity,1934819,268011,156743
2011-03-15T00:23:35,brand,136704,268012,7493925
2011-03-15T10:33:45,brand,380812,268013,5396000
2011-03-15T10:33:46,brand,380812,268014,999824
2011-03-10T23:41:48,brand,380812,269001,6754087
2011-03-13T14:50:08,brand,5171591,269002,1410794
2011-03-14T03:32:12,celebrity,4990266,269004,65978
2011-03-15T10:33:45,celebrity,380812,269006,7672346
2011-03-15T16:06:35,celebrity,7034836,269007,1824100
2011-03-15T16:13:39,celebrity,439469,269008,127841
2011-03-15T22:51:30,brand,3266208,269009,7705686
2011-03-16T00:03:04,brand,380812,269010,6869970
2011-03-16T07:51:51,brand,6702824,269011,6800508
2011-03-11T00:12:07,celebrity,235184,270001,2451676
2011-03-11T01:08:04,celebrity,256867,270002,172459
2011-03-11T01:08:05,celebrity,256867,270003,146152
2011-03-11T03:23:17,brand,136704,270005,1689632
2011-03-11T19:44:25,brand,325816,270006,4088883
2011-03-11T20:05:49,brand,325816,270007,453834
2011-03-12T16:09:12,celebrity,3910168,270008,211342
2011-03-11T00:12:07,celebrity,235184,271001,186632
2011-03-11T03:22:35,celebrity,1347323,271006,2109149
2011-03-11T05:49:56,celebrity,301583,271007,4049761
2011-03-11T08:52:27,brand,1372651,271008,2352886
2011-03-11T15:22:10,celebrity,1463327,271011,1560092
2011-03-12T00:08:01,brand,1478765,271012,1485364
2011-03-13T14:53:40,celebrity,3317529,271013,1055836
2011-03-14T14:03:59,celebrity,1052784,271015,1860260
2011-03-14T14:13:13,brand,136704,271016,6830662
2011-03-14T20:04:27,celebrity,2539653,271017,1997830
2011-03-16T07:19:08,brand,3266208,271018,6922618
2011-03-16T17:27:14,brand,62118,271019,7156475
2011-03-11T00:12:07,celebrity,235184,272001,106424
2011-03-11T02:49:07,brand,1650862,272004,5312885
2011-03-11T23:17:57,brand,4831020,272006,5256206
2011-03-12T13:21:06,celebrity,331577,272007,2923445
2011-03-12T14:56:28,brand,155473,272008,7497636
2011-03-12T16:09:12,celebrity,3910168,272009,9145
2011-03-13T14:53:40,celebrity,3317529,272010,1796244
2011-03-14T03:02:10,celebrity,11687,272011,38606
2011-03-14T23:44:05,brand,136704,272012,7675726
2011-03-15T10:33:46,brand,380812,272013,7536648
2011-03-15T11:58:10,brand,380812,272014,2041908
2011-03-15T13:16:55,brand,1880694,272015,5333101
2011-03-12T10:58:51,celebrity,2526086,273003,525327
2011-03-12T16:09:11,celebrity,3910168,273004,18862
2011-03-13T14:59:22,celebrity,3819416,273005,3081049
2011-03-14T05:58:22,brand,1490081,273006,6823538
2011-03-14T15:33:23,celebrity,90823,273007,5947626
2011-03-15T10:33:46,brand,380812,273008,7122271
2011-03-15T10:33:46,brand,380812,273009,5558672
2011-03-15T15:25:19,celebrity,928155,273010,283100
2011-03-15T16:13:39,celebrity,439469,273011,194749
2011-03-16T13:37:06,brand,380812,273012,6192977
2011-03-11T12:53:49,celebrity,291978,275001,6000957
2011-03-14T03:02:10,celebrity,11687,276002,2287141
2011-03-14T09:44:14,celebrity,1934819,276003,2410258
2011-03-15T10:33:45,brand,380812,276005,5237018
